sku_id,title,description,availability,condition,price,link,image_link,additional_image_link,brand,sale_price,item_group_id,pattern,product_type,google_product_category,age_group,gender,color,shipping_weight,shipping,custom_label_0,custom_label_1,custom_label_2,custom_label_3,custom_label_4,merchant_brand
TA-LAN-P05,"African Print Breakaway Lanyard for ID Badges & Keys by TobiAkiode - Leopard Carnival","African print breakaway lanyard for ID badges, work passes and keys, available in 10 distinctive pattern choices for work, events, training and gifting.","in stock",new,"12.99 GBP",https://tobiakiode.com/shop/product/african-print-lanyard-tobiakiode/?selected=107,https://i0.wp.com/tobiakiode.com/wp-content/uploads/2026/09/tobiakiode-african-print-lanyard-leopard-carnival-hero-studio-white-v3.avif?format=jpg&ssl=1&filename=TA-LAN-P05.jpg,"https://i0.wp.com/tobiakiode.com/wp-content/uploads/2026/09/tobiakiode-african-print-lanyard-leopard-carnival-merchant-featured-studio-white-v3.avif?format=jpg&ssl=1&filename=TA-LAN-P05-2.jpg,https://i0.wp.com/tobiakiode.com/wp-content/uploads/2026/09/tobiakiode-african-print-lanyard-leopard-carnival-alternate-studio-white-v3.avif?format=jpg&ssl=1&filename=TA-LAN-P05-3.jpg,https://i0.wp.com/tobiakiode.com/wp-content/uploads/2026/09/tobiakiode-african-print-lanyard-leopard-carnival-print-closeup-studio-white-v3.avif?format=jpg&ssl=1&filename=TA-LAN-P05-4.jpg,https://i0.wp.com/tobiakiode.com/wp-content/uploads/2026/09/tobiakiode-african-print-lanyard-leopard-carnival-safety-release-studio-white-v3.avif?format=jpg&ssl=1&filename=TA-LAN-P05-5.jpg,https://i0.wp.com/tobiakiode.com/wp-content/uploads/2026/09/tobiakiode-african-print-lanyard-leopard-carnival-brand-clasp-studio-white-v3.avif?format=jpg&ssl=1&filename=TA-LAN-P05-6.jpg,https://i0.wp.com/tobiakiode.com/wp-content/uploads/2026/08/tobiakiode-african-print-lanyard-leopard-carnival-gentleman-corporate-lifestyle.avif?format=jpg&ssl=1&filename=TA-LAN-P05-7.jpg,https://i0.wp.com/tobiakiode.com/wp-content/uploads/2026/08/tobiakiode-african-print-lanyard-leopard-carnival-lady-corporate-lifestyle.avif?format=jpg&ssl=1&filename=TA-LAN-P05-8.jpg,https://i0.wp.com/tobiakiode.com/wp-content/uploads/2026/08/tobiakiode-african-print-lanyard-leopard-carnival-group-community-lifestyle.avif?format=jpg&ssl=1&filename=TA-LAN-P05-9.jpg",TobiAkiode,"9.99 GBP",FC-412916,"Leopard Carnival","Apparel & Accessories > Clothing Accessories > Lanyards","Apparel & Accessories > Clothing Accessories",adult,unisex,Multicolour,"0.016 kg","GB:::3.49 GBP",lanyards,sale-price-active,website-checkout,in-stock,fluentcart,TobiAkiode
TA-LAN-P01,"African Print Breakaway Lanyard for ID Badges & Keys by TobiAkiode - Cobalt Mosaic","African print breakaway lanyard for ID badges, work passes and keys, available in 10 distinctive pattern choices for work, events, training and gifting.","in stock",new,"12.99 GBP",https://tobiakiode.com/shop/product/african-print-lanyard-tobiakiode/?selected=103,https://i0.wp.com/tobiakiode.com/wp-content/uploads/2026/09/tobiakiode-african-print-lanyard-cobalt-mosaic-hero-studio-white-v3.avif?format=jpg&ssl=1&filename=TA-LAN-P01.jpg,"https://i0.wp.com/tobiakiode.com/wp-content/uploads/2026/09/tobiakiode-african-print-lanyard-cobalt-mosaic-merchant-featured-studio-white-v3.avif?format=jpg&ssl=1&filename=TA-LAN-P01-2.jpg,https://i0.wp.com/tobiakiode.com/wp-content/uploads/2026/09/tobiakiode-african-print-lanyard-cobalt-mosaic-alternate-studio-white-v3.avif?format=jpg&ssl=1&filename=TA-LAN-P01-3.jpg,https://i0.wp.com/tobiakiode.com/wp-content/uploads/2026/09/tobiakiode-african-print-lanyard-cobalt-mosaic-print-closeup-studio-white-v3.avif?format=jpg&ssl=1&filename=TA-LAN-P01-4.jpg,https://i0.wp.com/tobiakiode.com/wp-content/uploads/2026/09/tobiakiode-african-print-lanyard-cobalt-mosaic-safety-release-studio-white-v3.avif?format=jpg&ssl=1&filename=TA-LAN-P01-5.jpg,https://i0.wp.com/tobiakiode.com/wp-content/uploads/2026/09/tobiakiode-african-print-lanyard-cobalt-mosaic-brand-clasp-studio-white-v3.avif?format=jpg&ssl=1&filename=TA-LAN-P01-6.jpg,https://i0.wp.com/tobiakiode.com/wp-content/uploads/2026/08/tobiakiode-african-print-lanyard-cobalt-mosaic-gentleman-corporate-lifestyle.avif?format=jpg&ssl=1&filename=TA-LAN-P01-7.jpg,https://i0.wp.com/tobiakiode.com/wp-content/uploads/2026/08/tobiakiode-african-print-lanyard-cobalt-mosaic-lady-corporate-lifestyle.avif?format=jpg&ssl=1&filename=TA-LAN-P01-8.jpg,https://i0.wp.com/tobiakiode.com/wp-content/uploads/2026/08/tobiakiode-african-print-lanyard-cobalt-mosaic-group-community-lifestyle.avif?format=jpg&ssl=1&filename=TA-LAN-P01-9.jpg",TobiAkiode,"9.99 GBP",FC-412916,"Cobalt Mosaic","Apparel & Accessories > Clothing Accessories > Lanyards","Apparel & Accessories > Clothing Accessories",adult,unisex,Multicolour,"0.016 kg","GB:::3.49 GBP",lanyards,sale-price-active,website-checkout,in-stock,fluentcart,TobiAkiode
TA-LAN-P08,"African Print Breakaway Lanyard for ID Badges & Keys by TobiAkiode - Midnight Tiles","African print breakaway lanyard for ID badges, work passes and keys, available in 10 distinctive pattern choices for work, events, training and gifting.","in stock",new,"12.99 GBP",https://tobiakiode.com/shop/product/african-print-lanyard-tobiakiode/?selected=110,https://i0.wp.com/tobiakiode.com/wp-content/uploads/2026/09/tobiakiode-african-print-lanyard-midnight-tiles-hero-studio-white-v3.avif?format=jpg&ssl=1&filename=TA-LAN-P08.jpg,"https://i0.wp.com/tobiakiode.com/wp-content/uploads/2026/09/tobiakiode-african-print-lanyard-midnight-tiles-merchant-featured-studio-white-v3.avif?format=jpg&ssl=1&filename=TA-LAN-P08-2.jpg,https://i0.wp.com/tobiakiode.com/wp-content/uploads/2026/09/tobiakiode-african-print-lanyard-midnight-tiles-alternate-studio-white-v3.avif?format=jpg&ssl=1&filename=TA-LAN-P08-3.jpg,https://i0.wp.com/tobiakiode.com/wp-content/uploads/2026/09/tobiakiode-african-print-lanyard-midnight-tiles-print-closeup-studio-white-v3.avif?format=jpg&ssl=1&filename=TA-LAN-P08-4.jpg,https://i0.wp.com/tobiakiode.com/wp-content/uploads/2026/09/tobiakiode-african-print-lanyard-midnight-tiles-safety-release-studio-white-v3.avif?format=jpg&ssl=1&filename=TA-LAN-P08-5.jpg,https://i0.wp.com/tobiakiode.com/wp-content/uploads/2026/09/tobiakiode-african-print-lanyard-midnight-tiles-brand-clasp-studio-white-v3.avif?format=jpg&ssl=1&filename=TA-LAN-P08-6.jpg,https://i0.wp.com/tobiakiode.com/wp-content/uploads/2026/08/tobiakiode-african-print-lanyard-midnight-tiles-gentleman-corporate-lifestyle.avif?format=jpg&ssl=1&filename=TA-LAN-P08-7.jpg,https://i0.wp.com/tobiakiode.com/wp-content/uploads/2026/08/tobiakiode-african-print-lanyard-midnight-tiles-lady-corporate-lifestyle.avif?format=jpg&ssl=1&filename=TA-LAN-P08-8.jpg,https://i0.wp.com/tobiakiode.com/wp-content/uploads/2026/08/tobiakiode-african-print-lanyard-midnight-tiles-group-community-lifestyle.avif?format=jpg&ssl=1&filename=TA-LAN-P08-9.jpg",TobiAkiode,"9.99 GBP",FC-412916,"Midnight Tiles","Apparel & Accessories > Clothing Accessories > Lanyards","Apparel & Accessories > Clothing Accessories",adult,unisex,Multicolour,"0.016 kg","GB:::3.49 GBP",lanyards,sale-price-active,website-checkout,in-stock,fluentcart,TobiAkiode
TA-LAN-P03,"African Print Breakaway Lanyard for ID Badges & Keys by TobiAkiode - Amber Sunrise","African print breakaway lanyard for ID badges, work passes and keys, available in 10 distinctive pattern choices for work, events, training and gifting.","in stock",new,"12.99 GBP",https://tobiakiode.com/shop/product/african-print-lanyard-tobiakiode/?selected=105,https://i0.wp.com/tobiakiode.com/wp-content/uploads/2026/09/tobiakiode-african-print-lanyard-amber-sunrise-hero-studio-white-v3.avif?format=jpg&ssl=1&filename=TA-LAN-P03.jpg,"https://i0.wp.com/tobiakiode.com/wp-content/uploads/2026/09/tobiakiode-african-print-lanyard-amber-sunrise-merchant-featured-studio-white-v3.avif?format=jpg&ssl=1&filename=TA-LAN-P03-2.jpg,https://i0.wp.com/tobiakiode.com/wp-content/uploads/2026/09/tobiakiode-african-print-lanyard-amber-sunrise-alternate-studio-white-v3.avif?format=jpg&ssl=1&filename=TA-LAN-P03-3.jpg,https://i0.wp.com/tobiakiode.com/wp-content/uploads/2026/09/tobiakiode-african-print-lanyard-amber-sunrise-print-closeup-studio-white-v3.avif?format=jpg&ssl=1&filename=TA-LAN-P03-4.jpg,https://i0.wp.com/tobiakiode.com/wp-content/uploads/2026/09/tobiakiode-african-print-lanyard-amber-sunrise-safety-release-studio-white-v3.avif?format=jpg&ssl=1&filename=TA-LAN-P03-5.jpg,https://i0.wp.com/tobiakiode.com/wp-content/uploads/2026/09/tobiakiode-african-print-lanyard-amber-sunrise-brand-clasp-studio-white-v3.avif?format=jpg&ssl=1&filename=TA-LAN-P03-6.jpg,https://i0.wp.com/tobiakiode.com/wp-content/uploads/2026/08/tobiakiode-african-print-lanyard-amber-sunrise-gentleman-corporate-lifestyle.avif?format=jpg&ssl=1&filename=TA-LAN-P03-7.jpg,https://i0.wp.com/tobiakiode.com/wp-content/uploads/2026/08/tobiakiode-african-print-lanyard-amber-sunrise-lady-corporate-lifestyle.avif?format=jpg&ssl=1&filename=TA-LAN-P03-8.jpg,https://i0.wp.com/tobiakiode.com/wp-content/uploads/2026/08/tobiakiode-african-print-lanyard-amber-sunrise-group-community-lifestyle.avif?format=jpg&ssl=1&filename=TA-LAN-P03-9.jpg",TobiAkiode,"9.99 GBP",FC-412916,"Amber Sunrise","Apparel & Accessories > Clothing Accessories > Lanyards","Apparel & Accessories > Clothing Accessories",adult,unisex,Multicolour,"0.016 kg","GB:::3.49 GBP",lanyards,sale-price-active,website-checkout,in-stock,fluentcart,TobiAkiode
TA-LAN-P04,"African Print Breakaway Lanyard for ID Badges & Keys by TobiAkiode - Emerald Crosshatch","African print breakaway lanyard for ID badges, work passes and keys, available in 10 distinctive pattern choices for work, events, training and gifting.","in stock",new,"12.99 GBP",https://tobiakiode.com/shop/product/african-print-lanyard-tobiakiode/?selected=106,https://i0.wp.com/tobiakiode.com/wp-content/uploads/2026/09/tobiakiode-african-print-lanyard-emerald-crosshatch-hero-studio-white-v3.avif?format=jpg&ssl=1&filename=TA-LAN-P04.jpg,"https://i0.wp.com/tobiakiode.com/wp-content/uploads/2026/09/tobiakiode-african-print-lanyard-emerald-crosshatch-merchant-featured-studio-white-v3.avif?format=jpg&ssl=1&filename=TA-LAN-P04-2.jpg,https://i0.wp.com/tobiakiode.com/wp-content/uploads/2026/09/tobiakiode-african-print-lanyard-emerald-crosshatch-alternate-studio-white-v3.avif?format=jpg&ssl=1&filename=TA-LAN-P04-3.jpg,https://i0.wp.com/tobiakiode.com/wp-content/uploads/2026/09/tobiakiode-african-print-lanyard-emerald-crosshatch-print-closeup-studio-white-v3.avif?format=jpg&ssl=1&filename=TA-LAN-P04-4.jpg,https://i0.wp.com/tobiakiode.com/wp-content/uploads/2026/09/tobiakiode-african-print-lanyard-emerald-crosshatch-safety-release-studio-white-v3.avif?format=jpg&ssl=1&filename=TA-LAN-P04-5.jpg,https://i0.wp.com/tobiakiode.com/wp-content/uploads/2026/09/tobiakiode-african-print-lanyard-emerald-crosshatch-brand-clasp-studio-white-v3.avif?format=jpg&ssl=1&filename=TA-LAN-P04-6.jpg,https://i0.wp.com/tobiakiode.com/wp-content/uploads/2026/08/tobiakiode-african-print-lanyard-emerald-crosshatch-gentleman-corporate-lifestyle.avif?format=jpg&ssl=1&filename=TA-LAN-P04-7.jpg,https://i0.wp.com/tobiakiode.com/wp-content/uploads/2026/08/tobiakiode-african-print-lanyard-emerald-crosshatch-lady-corporate-lifestyle.avif?format=jpg&ssl=1&filename=TA-LAN-P04-8.jpg,https://i0.wp.com/tobiakiode.com/wp-content/uploads/2026/08/tobiakiode-african-print-lanyard-emerald-crosshatch-group-community-lifestyle.avif?format=jpg&ssl=1&filename=TA-LAN-P04-9.jpg",TobiAkiode,"9.99 GBP",FC-412916,"Emerald Crosshatch","Apparel & Accessories > Clothing Accessories > Lanyards","Apparel & Accessories > Clothing Accessories",adult,unisex,Multicolour,"0.016 kg","GB:::3.49 GBP",lanyards,sale-price-active,website-checkout,in-stock,fluentcart,TobiAkiode
TA-LAN-P06,"African Print Breakaway Lanyard for ID Badges & Keys by TobiAkiode - Indigo Patchwork","African print breakaway lanyard for ID badges, work passes and keys, available in 10 distinctive pattern choices for work, events, training and gifting.","in stock",new,"12.99 GBP",https://tobiakiode.com/shop/product/african-print-lanyard-tobiakiode/?selected=108,https://i0.wp.com/tobiakiode.com/wp-content/uploads/2026/09/tobiakiode-african-print-lanyard-indigo-patchwork-hero-studio-white-v3.avif?format=jpg&ssl=1&filename=TA-LAN-P06.jpg,"https://i0.wp.com/tobiakiode.com/wp-content/uploads/2026/09/tobiakiode-african-print-lanyard-indigo-patchwork-merchant-featured-studio-white-v3.avif?format=jpg&ssl=1&filename=TA-LAN-P06-2.jpg,https://i0.wp.com/tobiakiode.com/wp-content/uploads/2026/09/tobiakiode-african-print-lanyard-indigo-patchwork-alternate-studio-white-v3.avif?format=jpg&ssl=1&filename=TA-LAN-P06-3.jpg,https://i0.wp.com/tobiakiode.com/wp-content/uploads/2026/09/tobiakiode-african-print-lanyard-indigo-patchwork-print-closeup-studio-white-v3.avif?format=jpg&ssl=1&filename=TA-LAN-P06-4.jpg,https://i0.wp.com/tobiakiode.com/wp-content/uploads/2026/09/tobiakiode-african-print-lanyard-indigo-patchwork-safety-release-studio-white-v3.avif?format=jpg&ssl=1&filename=TA-LAN-P06-5.jpg,https://i0.wp.com/tobiakiode.com/wp-content/uploads/2026/09/tobiakiode-african-print-lanyard-indigo-patchwork-brand-clasp-studio-white-v3.avif?format=jpg&ssl=1&filename=TA-LAN-P06-6.jpg,https://i0.wp.com/tobiakiode.com/wp-content/uploads/2026/08/tobiakiode-african-print-lanyard-indigo-patchwork-gentleman-corporate-lifestyle.avif?format=jpg&ssl=1&filename=TA-LAN-P06-7.jpg,https://i0.wp.com/tobiakiode.com/wp-content/uploads/2026/08/tobiakiode-african-print-lanyard-indigo-patchwork-lady-corporate-lifestyle.avif?format=jpg&ssl=1&filename=TA-LAN-P06-8.jpg,https://i0.wp.com/tobiakiode.com/wp-content/uploads/2026/08/tobiakiode-african-print-lanyard-indigo-patchwork-group-community-lifestyle.avif?format=jpg&ssl=1&filename=TA-LAN-P06-9.jpg",TobiAkiode,"9.99 GBP",FC-412916,"Indigo Patchwork","Apparel & Accessories > Clothing Accessories > Lanyards","Apparel & Accessories > Clothing Accessories",adult,unisex,Multicolour,"0.016 kg","GB:::3.49 GBP",lanyards,sale-price-active,website-checkout,in-stock,fluentcart,TobiAkiode
TA-LAN-P02,"African Print Breakaway Lanyard for ID Badges & Keys by TobiAkiode - Lagoon Grid","African print breakaway lanyard for ID badges, work passes and keys, available in 10 distinctive pattern choices for work, events, training and gifting.","in stock",new,"12.99 GBP",https://tobiakiode.com/shop/product/african-print-lanyard-tobiakiode/?selected=104,https://i0.wp.com/tobiakiode.com/wp-content/uploads/2026/09/tobiakiode-african-print-lanyard-lagoon-grid-hero-studio-white-v3.avif?format=jpg&ssl=1&filename=TA-LAN-P02.jpg,"https://i0.wp.com/tobiakiode.com/wp-content/uploads/2026/09/tobiakiode-african-print-lanyard-lagoon-grid-merchant-featured-studio-white-v3.avif?format=jpg&ssl=1&filename=TA-LAN-P02-2.jpg,https://i0.wp.com/tobiakiode.com/wp-content/uploads/2026/09/tobiakiode-african-print-lanyard-lagoon-grid-alternate-studio-white-v3.avif?format=jpg&ssl=1&filename=TA-LAN-P02-3.jpg,https://i0.wp.com/tobiakiode.com/wp-content/uploads/2026/09/tobiakiode-african-print-lanyard-lagoon-grid-print-closeup-studio-white-v3.avif?format=jpg&ssl=1&filename=TA-LAN-P02-4.jpg,https://i0.wp.com/tobiakiode.com/wp-content/uploads/2026/09/tobiakiode-african-print-lanyard-lagoon-grid-safety-release-studio-white-v3.avif?format=jpg&ssl=1&filename=TA-LAN-P02-5.jpg,https://i0.wp.com/tobiakiode.com/wp-content/uploads/2026/09/tobiakiode-african-print-lanyard-lagoon-grid-brand-clasp-studio-white-v3.avif?format=jpg&ssl=1&filename=TA-LAN-P02-6.jpg,https://i0.wp.com/tobiakiode.com/wp-content/uploads/2026/08/tobiakiode-african-print-lanyard-lagoon-grid-gentleman-corporate-lifestyle.avif?format=jpg&ssl=1&filename=TA-LAN-P02-7.jpg,https://i0.wp.com/tobiakiode.com/wp-content/uploads/2026/08/tobiakiode-african-print-lanyard-lagoon-grid-lady-corporate-lifestyle.avif?format=jpg&ssl=1&filename=TA-LAN-P02-8.jpg,https://i0.wp.com/tobiakiode.com/wp-content/uploads/2026/08/tobiakiode-african-print-lanyard-lagoon-grid-group-community-lifestyle.avif?format=jpg&ssl=1&filename=TA-LAN-P02-9.jpg",TobiAkiode,"9.99 GBP",FC-412916,"Lagoon Grid","Apparel & Accessories > Clothing Accessories > Lanyards","Apparel & Accessories > Clothing Accessories",adult,unisex,Multicolour,"0.016 kg","GB:::3.49 GBP",lanyards,sale-price-active,website-checkout,in-stock,fluentcart,TobiAkiode
TA-LAN-P07,"African Print Breakaway Lanyard for ID Badges & Keys by TobiAkiode - Festival Collage","African print breakaway lanyard for ID badges, work passes and keys, available in 10 distinctive pattern choices for work, events, training and gifting.","in stock",new,"12.99 GBP",https://tobiakiode.com/shop/product/african-print-lanyard-tobiakiode/?selected=109,https://i0.wp.com/tobiakiode.com/wp-content/uploads/2026/09/tobiakiode-african-print-lanyard-festival-collage-hero-studio-white-v3.avif?format=jpg&ssl=1&filename=TA-LAN-P07.jpg,"https://i0.wp.com/tobiakiode.com/wp-content/uploads/2026/09/tobiakiode-african-print-lanyard-festival-collage-merchant-featured-studio-white-v3.avif?format=jpg&ssl=1&filename=TA-LAN-P07-2.jpg,https://i0.wp.com/tobiakiode.com/wp-content/uploads/2026/09/tobiakiode-african-print-lanyard-festival-collage-alternate-studio-white-v3.avif?format=jpg&ssl=1&filename=TA-LAN-P07-3.jpg,https://i0.wp.com/tobiakiode.com/wp-content/uploads/2026/09/tobiakiode-african-print-lanyard-festival-collage-print-closeup-studio-white-v3.avif?format=jpg&ssl=1&filename=TA-LAN-P07-4.jpg,https://i0.wp.com/tobiakiode.com/wp-content/uploads/2026/09/tobiakiode-african-print-lanyard-festival-collage-safety-release-studio-white-v3.avif?format=jpg&ssl=1&filename=TA-LAN-P07-5.jpg,https://i0.wp.com/tobiakiode.com/wp-content/uploads/2026/09/tobiakiode-african-print-lanyard-festival-collage-brand-clasp-studio-white-v3.avif?format=jpg&ssl=1&filename=TA-LAN-P07-6.jpg,https://i0.wp.com/tobiakiode.com/wp-content/uploads/2026/08/tobiakiode-african-print-lanyard-festival-collage-gentleman-corporate-lifestyle.avif?format=jpg&ssl=1&filename=TA-LAN-P07-7.jpg,https://i0.wp.com/tobiakiode.com/wp-content/uploads/2026/08/tobiakiode-african-print-lanyard-festival-collage-lady-corporate-lifestyle.avif?format=jpg&ssl=1&filename=TA-LAN-P07-8.jpg,https://i0.wp.com/tobiakiode.com/wp-content/uploads/2026/08/tobiakiode-african-print-lanyard-festival-collage-group-community-lifestyle.avif?format=jpg&ssl=1&filename=TA-LAN-P07-9.jpg",TobiAkiode,"9.99 GBP",FC-412916,"Festival Collage","Apparel & Accessories > Clothing Accessories > Lanyards","Apparel & Accessories > Clothing Accessories",adult,unisex,Multicolour,"0.016 kg","GB:::3.49 GBP",lanyards,sale-price-active,website-checkout,in-stock,fluentcart,TobiAkiode
TA-LAN-P10,"African Print Breakaway Lanyard for ID Badges & Keys by TobiAkiode - Zebra Ember","African print breakaway lanyard for ID badges, work passes and keys, available in 10 distinctive pattern choices for work, events, training and gifting.","in stock",new,"12.99 GBP",https://tobiakiode.com/shop/product/african-print-lanyard-tobiakiode/?selected=112,https://i0.wp.com/tobiakiode.com/wp-content/uploads/2026/09/tobiakiode-african-print-lanyard-zebra-ember-hero-studio-white-v3.avif?format=jpg&ssl=1&filename=TA-LAN-P10.jpg,"https://i0.wp.com/tobiakiode.com/wp-content/uploads/2026/09/tobiakiode-african-print-lanyard-zebra-ember-merchant-featured-studio-white-v3.avif?format=jpg&ssl=1&filename=TA-LAN-P10-2.jpg,https://i0.wp.com/tobiakiode.com/wp-content/uploads/2026/09/tobiakiode-african-print-lanyard-zebra-ember-alternate-studio-white-v3.avif?format=jpg&ssl=1&filename=TA-LAN-P10-3.jpg,https://i0.wp.com/tobiakiode.com/wp-content/uploads/2026/09/tobiakiode-african-print-lanyard-zebra-ember-print-closeup-studio-white-v3.avif?format=jpg&ssl=1&filename=TA-LAN-P10-4.jpg,https://i0.wp.com/tobiakiode.com/wp-content/uploads/2026/09/tobiakiode-african-print-lanyard-zebra-ember-safety-release-studio-white-v3.avif?format=jpg&ssl=1&filename=TA-LAN-P10-5.jpg,https://i0.wp.com/tobiakiode.com/wp-content/uploads/2026/09/tobiakiode-african-print-lanyard-zebra-ember-brand-clasp-studio-white-v3.avif?format=jpg&ssl=1&filename=TA-LAN-P10-6.jpg,https://i0.wp.com/tobiakiode.com/wp-content/uploads/2026/08/tobiakiode-african-print-lanyard-zebra-ember-gentleman-corporate-lifestyle.avif?format=jpg&ssl=1&filename=TA-LAN-P10-7.jpg,https://i0.wp.com/tobiakiode.com/wp-content/uploads/2026/08/tobiakiode-african-print-lanyard-zebra-ember-lady-corporate-lifestyle.avif?format=jpg&ssl=1&filename=TA-LAN-P10-8.jpg,https://i0.wp.com/tobiakiode.com/wp-content/uploads/2026/08/tobiakiode-african-print-lanyard-zebra-ember-group-community-lifestyle.avif?format=jpg&ssl=1&filename=TA-LAN-P10-9.jpg",TobiAkiode,"9.99 GBP",FC-412916,"Zebra Ember","Apparel & Accessories > Clothing Accessories > Lanyards","Apparel & Accessories > Clothing Accessories",adult,unisex,Multicolour,"0.016 kg","GB:::3.49 GBP",lanyards,sale-price-active,website-checkout,in-stock,fluentcart,TobiAkiode
TA-LAN-P09,"African Print Breakaway Lanyard for ID Badges & Keys by TobiAkiode - Ember Geometry","African print breakaway lanyard for ID badges, work passes and keys, available in 10 distinctive pattern choices for work, events, training and gifting.","in stock",new,"12.99 GBP",https://tobiakiode.com/shop/product/african-print-lanyard-tobiakiode/?selected=111,https://i0.wp.com/tobiakiode.com/wp-content/uploads/2026/09/tobiakiode-african-print-lanyard-ember-geometry-hero-studio-white-v3.avif?format=jpg&ssl=1&filename=TA-LAN-P09.jpg,"https://i0.wp.com/tobiakiode.com/wp-content/uploads/2026/09/tobiakiode-african-print-lanyard-ember-geometry-merchant-featured-studio-white-v3.avif?format=jpg&ssl=1&filename=TA-LAN-P09-2.jpg,https://i0.wp.com/tobiakiode.com/wp-content/uploads/2026/09/tobiakiode-african-print-lanyard-ember-geometry-alternate-studio-white-v3.avif?format=jpg&ssl=1&filename=TA-LAN-P09-3.jpg,https://i0.wp.com/tobiakiode.com/wp-content/uploads/2026/09/tobiakiode-african-print-lanyard-ember-geometry-print-closeup-studio-white-v3.avif?format=jpg&ssl=1&filename=TA-LAN-P09-4.jpg,https://i0.wp.com/tobiakiode.com/wp-content/uploads/2026/09/tobiakiode-african-print-lanyard-ember-geometry-safety-release-studio-white-v3.avif?format=jpg&ssl=1&filename=TA-LAN-P09-5.jpg,https://i0.wp.com/tobiakiode.com/wp-content/uploads/2026/09/tobiakiode-african-print-lanyard-ember-geometry-brand-clasp-studio-white-v3.avif?format=jpg&ssl=1&filename=TA-LAN-P09-6.jpg,https://i0.wp.com/tobiakiode.com/wp-content/uploads/2026/08/tobiakiode-african-print-lanyard-ember-geometry-gentleman-corporate-lifestyle.avif?format=jpg&ssl=1&filename=TA-LAN-P09-7.jpg,https://i0.wp.com/tobiakiode.com/wp-content/uploads/2026/08/tobiakiode-african-print-lanyard-ember-geometry-lady-corporate-lifestyle.avif?format=jpg&ssl=1&filename=TA-LAN-P09-8.jpg,https://i0.wp.com/tobiakiode.com/wp-content/uploads/2026/08/tobiakiode-african-print-lanyard-ember-geometry-group-community-lifestyle.avif?format=jpg&ssl=1&filename=TA-LAN-P09-9.jpg",TobiAkiode,"9.99 GBP",FC-412916,"Ember Geometry","Apparel & Accessories > Clothing Accessories > Lanyards","Apparel & Accessories > Clothing Accessories",adult,unisex,Multicolour,"0.016 kg","GB:::3.49 GBP",lanyards,sale-price-active,website-checkout,in-stock,fluentcart,TobiAkiode
TA-PC-P05-50CM,"African Print Adjustable Dog Collar by TobiAkiode - Leopard Carnival","African print adjustable dog collar with a plastic buckle closure, metal D-ring and 10 pattern choices. Designed for dogs only; measure before ordering.","in stock",new,"24.95 GBP",https://tobiakiode.com/shop/product/african-print-adjustable-dog-collar-by-tobiakiode/?selected=128,https://i0.wp.com/tobiakiode.com/wp-content/uploads/2026/09/01-tobiakiode-p05-leopard-carnival-pet-collar-pdp-main-hero-curved-full-view-studio-white-v3.avif?format=jpg&ssl=1&filename=TA-PC-P05-50CM.jpg,"https://i0.wp.com/tobiakiode.com/wp-content/uploads/2026/09/05-tobiakiode-p05-leopard-carnival-pet-collar-quick-release-buckle-close-up-studio-white-v3.avif?format=jpg&ssl=1&filename=TA-PC-P05-50CM-2.jpg,https://i0.wp.com/tobiakiode.com/wp-content/uploads/2026/09/02-tobiakiode-p05-leopard-carnival-pet-collar-featured-merchant-main-full-length-studio-white-v3.avif?format=jpg&ssl=1&filename=TA-PC-P05-50CM-3.jpg,https://i0.wp.com/tobiakiode.com/wp-content/uploads/2026/09/03-tobiakiode-p05-leopard-carnival-pet-collar-alternate-loop-full-view-studio-white-v3.avif?format=jpg&ssl=1&filename=TA-PC-P05-50CM-4.jpg,https://i0.wp.com/tobiakiode.com/wp-content/uploads/2026/09/04-tobiakiode-p05-leopard-carnival-pet-collar-print-pattern-close-up-studio-white-v3.avif?format=jpg&ssl=1&filename=TA-PC-P05-50CM-5.jpg,https://i0.wp.com/tobiakiode.com/wp-content/uploads/2026/08/07-tobiakiode-p05-leopard-carnival-pet-collar-kito-boutique-courtyard-lifestyle.avif?format=jpg&ssl=1&filename=TA-PC-P05-50CM-6.jpg,https://i0.wp.com/tobiakiode.com/wp-content/uploads/2026/08/08-tobiakiode-p05-leopard-carnival-pet-collar-kito-owner-boutique-courtyard-lifestyle.avif?format=jpg&ssl=1&filename=TA-PC-P05-50CM-7.jpg",TobiAkiode,"22.95 GBP",FC-446890,"Leopard Carnival","Pet Supplies > Dog Accessories > Dog Collars","Animals & Pet Supplies > Pet Supplies > Dog Supplies",,,Multicolour,"0.05 kg","GB:::3.49 GBP",dog-collars,sale-price-active,website-checkout,in-stock,fluentcart,TobiAkiode
TA-PC-P01-50CM,"African Print Adjustable Dog Collar by TobiAkiode - Cobalt Mosaic","African print adjustable dog collar with a plastic buckle closure, metal D-ring and 10 pattern choices. Designed for dogs only; measure before ordering.","in stock",new,"24.95 GBP",https://tobiakiode.com/shop/product/african-print-adjustable-dog-collar-by-tobiakiode/?selected=129,https://i0.wp.com/tobiakiode.com/wp-content/uploads/2026/09/01-tobiakiode-p01-cobalt-mosaic-pet-collar-pdp-main-hero-curved-full-view-studio-white-v3.avif?format=jpg&ssl=1&filename=TA-PC-P01-50CM.jpg,"https://i0.wp.com/tobiakiode.com/wp-content/uploads/2026/09/05-tobiakiode-p01-cobalt-mosaic-pet-collar-quick-release-buckle-close-up-studio-white-v3.avif?format=jpg&ssl=1&filename=TA-PC-P01-50CM-2.jpg,https://i0.wp.com/tobiakiode.com/wp-content/uploads/2026/09/02-tobiakiode-p01-cobalt-mosaic-pet-collar-featured-merchant-main-full-length-studio-white-v3.avif?format=jpg&ssl=1&filename=TA-PC-P01-50CM-3.jpg,https://i0.wp.com/tobiakiode.com/wp-content/uploads/2026/09/03-tobiakiode-p01-cobalt-mosaic-pet-collar-alternate-loop-full-view-studio-white-v3.avif?format=jpg&ssl=1&filename=TA-PC-P01-50CM-4.jpg,https://i0.wp.com/tobiakiode.com/wp-content/uploads/2026/09/04-tobiakiode-p01-cobalt-mosaic-pet-collar-print-pattern-close-up-studio-white-v3.avif?format=jpg&ssl=1&filename=TA-PC-P01-50CM-5.jpg,https://i0.wp.com/tobiakiode.com/wp-content/uploads/2026/08/07-tobiakiode-p01-cobalt-mosaic-pet-collar-koba-coastal-path-lifestyle.avif?format=jpg&ssl=1&filename=TA-PC-P01-50CM-6.jpg,https://i0.wp.com/tobiakiode.com/wp-content/uploads/2026/08/08-tobiakiode-p01-cobalt-mosaic-pet-collar-koba-owner-coastal-cliff-path-lifestyle.avif?format=jpg&ssl=1&filename=TA-PC-P01-50CM-7.jpg",TobiAkiode,"22.95 GBP",FC-446890,"Cobalt Mosaic","Pet Supplies > Dog Accessories > Dog Collars","Animals & Pet Supplies > Pet Supplies > Dog Supplies",,,Multicolour,"0.05 kg","GB:::3.49 GBP",dog-collars,sale-price-active,website-checkout,in-stock,fluentcart,TobiAkiode
TA-PC-P08-50CM,"African Print Adjustable Dog Collar by TobiAkiode - Midnight Tiles","African print adjustable dog collar with a plastic buckle closure, metal D-ring and 10 pattern choices. Designed for dogs only; measure before ordering.","in stock",new,"24.95 GBP",https://tobiakiode.com/shop/product/african-print-adjustable-dog-collar-by-tobiakiode/?selected=130,https://i0.wp.com/tobiakiode.com/wp-content/uploads/2026/09/01-tobiakiode-p08-midnight-tiles-pet-collar-pdp-main-hero-curved-full-view-studio-white-v3.avif?format=jpg&ssl=1&filename=TA-PC-P08-50CM.jpg,"https://i0.wp.com/tobiakiode.com/wp-content/uploads/2026/09/05-tobiakiode-p08-midnight-tiles-pet-collar-quick-release-buckle-close-up-studio-white-v3.avif?format=jpg&ssl=1&filename=TA-PC-P08-50CM-2.jpg,https://i0.wp.com/tobiakiode.com/wp-content/uploads/2026/09/02-tobiakiode-p08-midnight-tiles-pet-collar-featured-merchant-main-full-length-studio-white-v3.avif?format=jpg&ssl=1&filename=TA-PC-P08-50CM-3.jpg,https://i0.wp.com/tobiakiode.com/wp-content/uploads/2026/09/03-tobiakiode-p08-midnight-tiles-pet-collar-alternate-loop-full-view-studio-white-v3.avif?format=jpg&ssl=1&filename=TA-PC-P08-50CM-4.jpg,https://i0.wp.com/tobiakiode.com/wp-content/uploads/2026/09/04-tobiakiode-p08-midnight-tiles-pet-collar-print-pattern-close-up-studio-white-v3.avif?format=jpg&ssl=1&filename=TA-PC-P08-50CM-5.jpg,https://i0.wp.com/tobiakiode.com/wp-content/uploads/2026/08/07-tobiakiode-p08-midnight-tiles-pet-collar-miro-historic-courtyard-lifestyle.avif?format=jpg&ssl=1&filename=TA-PC-P08-50CM-6.jpg,https://i0.wp.com/tobiakiode.com/wp-content/uploads/2026/08/08-tobiakiode-p08-midnight-tiles-pet-collar-miro-owner-elegant-stone-colonnade-lifestyle.avif?format=jpg&ssl=1&filename=TA-PC-P08-50CM-7.jpg",TobiAkiode,"22.95 GBP",FC-446890,"Midnight Tiles","Pet Supplies > Dog Accessories > Dog Collars","Animals & Pet Supplies > Pet Supplies > Dog Supplies",,,Multicolour,"0.05 kg","GB:::3.49 GBP",dog-collars,sale-price-active,website-checkout,in-stock,fluentcart,TobiAkiode
TA-PC-P03-50CM,"African Print Adjustable Dog Collar by TobiAkiode - Amber Sunrise","African print adjustable dog collar with a plastic buckle closure, metal D-ring and 10 pattern choices. Designed for dogs only; measure before ordering.","in stock",new,"24.95 GBP",https://tobiakiode.com/shop/product/african-print-adjustable-dog-collar-by-tobiakiode/?selected=131,https://i0.wp.com/tobiakiode.com/wp-content/uploads/2026/09/01-tobiakiode-p03-amber-sunrise-pet-collar-pdp-main-hero-curved-full-view-studio-white-v3.avif?format=jpg&ssl=1&filename=TA-PC-P03-50CM.jpg,"https://i0.wp.com/tobiakiode.com/wp-content/uploads/2026/09/05-tobiakiode-p03-amber-sunrise-pet-collar-quick-release-buckle-close-up-studio-white-v3.avif?format=jpg&ssl=1&filename=TA-PC-P03-50CM-2.jpg,https://i0.wp.com/tobiakiode.com/wp-content/uploads/2026/09/02-tobiakiode-p03-amber-sunrise-pet-collar-featured-merchant-main-full-length-studio-white-v3.avif?format=jpg&ssl=1&filename=TA-PC-P03-50CM-3.jpg,https://i0.wp.com/tobiakiode.com/wp-content/uploads/2026/09/03-tobiakiode-p03-amber-sunrise-pet-collar-alternate-loop-full-view-studio-white-v3.avif?format=jpg&ssl=1&filename=TA-PC-P03-50CM-4.jpg,https://i0.wp.com/tobiakiode.com/wp-content/uploads/2026/09/04-tobiakiode-p03-amber-sunrise-pet-collar-print-pattern-close-up-studio-white-v3.avif?format=jpg&ssl=1&filename=TA-PC-P03-50CM-5.jpg,https://i0.wp.com/tobiakiode.com/wp-content/uploads/2026/08/07-tobiakiode-p03-amber-sunrise-pet-collar-sola-garden-patio-lifestyle.avif?format=jpg&ssl=1&filename=TA-PC-P03-50CM-6.jpg,https://i0.wp.com/tobiakiode.com/wp-content/uploads/2026/08/08-tobiakiode-p03-amber-sunrise-pet-collar-sola-owner-floral-garden-patio-lifestyle.avif?format=jpg&ssl=1&filename=TA-PC-P03-50CM-7.jpg",TobiAkiode,"22.95 GBP",FC-446890,"Amber Sunrise","Pet Supplies > Dog Accessories > Dog Collars","Animals & Pet Supplies > Pet Supplies > Dog Supplies",,,Multicolour,"0.05 kg","GB:::3.49 GBP",dog-collars,sale-price-active,website-checkout,in-stock,fluentcart,TobiAkiode
TA-PC-P04-50CM,"African Print Adjustable Dog Collar by TobiAkiode - Emerald Crosshatch","African print adjustable dog collar with a plastic buckle closure, metal D-ring and 10 pattern choices. Designed for dogs only; measure before ordering.","in stock",new,"24.95 GBP",https://tobiakiode.com/shop/product/african-print-adjustable-dog-collar-by-tobiakiode/?selected=132,https://i0.wp.com/tobiakiode.com/wp-content/uploads/2026/09/01-tobiakiode-p04-emerald-crosshatch-pet-collar-pdp-main-hero-curved-full-view-studio-white-v3.avif?format=jpg&ssl=1&filename=TA-PC-P04-50CM.jpg,"https://i0.wp.com/tobiakiode.com/wp-content/uploads/2026/09/05-tobiakiode-p04-emerald-crosshatch-pet-collar-quick-release-buckle-close-up-studio-white-v3.avif?format=jpg&ssl=1&filename=TA-PC-P04-50CM-2.jpg,https://i0.wp.com/tobiakiode.com/wp-content/uploads/2026/09/02-tobiakiode-p04-emerald-crosshatch-pet-collar-featured-merchant-main-full-length-studio-white-v3.avif?format=jpg&ssl=1&filename=TA-PC-P04-50CM-3.jpg,https://i0.wp.com/tobiakiode.com/wp-content/uploads/2026/09/03-tobiakiode-p04-emerald-crosshatch-pet-collar-alternate-loop-full-view-studio-white-v3.avif?format=jpg&ssl=1&filename=TA-PC-P04-50CM-4.jpg,https://i0.wp.com/tobiakiode.com/wp-content/uploads/2026/09/04-tobiakiode-p04-emerald-crosshatch-pet-collar-print-pattern-close-up-studio-white-v3.avif?format=jpg&ssl=1&filename=TA-PC-P04-50CM-5.jpg,https://i0.wp.com/tobiakiode.com/wp-content/uploads/2026/08/07-tobiakiode-p04-emerald-crosshatch-pet-collar-emri-urban-garden-lifestyle.avif?format=jpg&ssl=1&filename=TA-PC-P04-50CM-6.jpg,https://i0.wp.com/tobiakiode.com/wp-content/uploads/2026/08/08-tobiakiode-p04-emerald-crosshatch-pet-collar-emri-owner-modern-garden-terrace-lifestyle.avif?format=jpg&ssl=1&filename=TA-PC-P04-50CM-7.jpg",TobiAkiode,"22.95 GBP",FC-446890,"Emerald Crosshatch","Pet Supplies > Dog Accessories > Dog Collars","Animals & Pet Supplies > Pet Supplies > Dog Supplies",,,Multicolour,"0.05 kg","GB:::3.49 GBP",dog-collars,sale-price-active,website-checkout,in-stock,fluentcart,TobiAkiode
TA-PC-P06-50CM,"African Print Adjustable Dog Collar by TobiAkiode - Indigo Patchwork","African print adjustable dog collar with a plastic buckle closure, metal D-ring and 10 pattern choices. Designed for dogs only; measure before ordering.","in stock",new,"24.95 GBP",https://tobiakiode.com/shop/product/african-print-adjustable-dog-collar-by-tobiakiode/?selected=133,https://i0.wp.com/tobiakiode.com/wp-content/uploads/2026/09/01-tobiakiode-p06-indigo-patchwork-pet-collar-pdp-main-hero-curved-full-view-studio-white-v3.avif?format=jpg&ssl=1&filename=TA-PC-P06-50CM.jpg,"https://i0.wp.com/tobiakiode.com/wp-content/uploads/2026/09/05-tobiakiode-p06-indigo-patchwork-pet-collar-quick-release-buckle-close-up-studio-white-v3.avif?format=jpg&ssl=1&filename=TA-PC-P06-50CM-2.jpg,https://i0.wp.com/tobiakiode.com/wp-content/uploads/2026/09/02-tobiakiode-p06-indigo-patchwork-pet-collar-featured-merchant-main-full-length-studio-white-v3.avif?format=jpg&ssl=1&filename=TA-PC-P06-50CM-3.jpg,https://i0.wp.com/tobiakiode.com/wp-content/uploads/2026/09/03-tobiakiode-p06-indigo-patchwork-pet-collar-alternate-loop-full-view-studio-white-v3.avif?format=jpg&ssl=1&filename=TA-PC-P06-50CM-4.jpg,https://i0.wp.com/tobiakiode.com/wp-content/uploads/2026/09/04-tobiakiode-p06-indigo-patchwork-pet-collar-print-pattern-close-up-studio-white-v3.avif?format=jpg&ssl=1&filename=TA-PC-P06-50CM-5.jpg,https://i0.wp.com/tobiakiode.com/wp-content/uploads/2026/08/07-tobiakiode-p06-indigo-patchwork-pet-collar-nilo-woodland-trail-lifestyle.avif?format=jpg&ssl=1&filename=TA-PC-P06-50CM-6.jpg,https://i0.wp.com/tobiakiode.com/wp-content/uploads/2026/08/08-tobiakiode-p06-indigo-patchwork-pet-collar-nilo-owner-woodland-hiking-trail-lifestyle.avif?format=jpg&ssl=1&filename=TA-PC-P06-50CM-7.jpg",TobiAkiode,"22.95 GBP",FC-446890,"Indigo Patchwork","Pet Supplies > Dog Accessories > Dog Collars","Animals & Pet Supplies > Pet Supplies > Dog Supplies",,,Multicolour,"0.05 kg","GB:::3.49 GBP",dog-collars,sale-price-active,website-checkout,in-stock,fluentcart,TobiAkiode
TA-PC-P02-50CM,"African Print Adjustable Dog Collar by TobiAkiode - Lagoon Grid","African print adjustable dog collar with a plastic buckle closure, metal D-ring and 10 pattern choices. Designed for dogs only; measure before ordering.","in stock",new,"24.95 GBP",https://tobiakiode.com/shop/product/african-print-adjustable-dog-collar-by-tobiakiode/?selected=134,https://i0.wp.com/tobiakiode.com/wp-content/uploads/2026/09/01-tobiakiode-p02-lagoon-grid-pet-collar-pdp-main-hero-curved-full-view-studio-white-v3.avif?format=jpg&ssl=1&filename=TA-PC-P02-50CM.jpg,"https://i0.wp.com/tobiakiode.com/wp-content/uploads/2026/09/05-tobiakiode-p02-lagoon-grid-pet-collar-quick-release-buckle-close-up-studio-white-v3.avif?format=jpg&ssl=1&filename=TA-PC-P02-50CM-2.jpg,https://i0.wp.com/tobiakiode.com/wp-content/uploads/2026/09/02-tobiakiode-p02-lagoon-grid-pet-collar-featured-merchant-main-full-length-studio-white-v3.avif?format=jpg&ssl=1&filename=TA-PC-P02-50CM-3.jpg,https://i0.wp.com/tobiakiode.com/wp-content/uploads/2026/09/03-tobiakiode-p02-lagoon-grid-pet-collar-alternate-loop-full-view-studio-white-v3.avif?format=jpg&ssl=1&filename=TA-PC-P02-50CM-4.jpg,https://i0.wp.com/tobiakiode.com/wp-content/uploads/2026/09/04-tobiakiode-p02-lagoon-grid-pet-collar-print-pattern-close-up-studio-white-v3.avif?format=jpg&ssl=1&filename=TA-PC-P02-50CM-5.jpg,https://i0.wp.com/tobiakiode.com/wp-content/uploads/2026/08/07-tobiakiode-p02-lagoon-grid-pet-collar-nalo-park-walk-lifestyle.avif?format=jpg&ssl=1&filename=TA-PC-P02-50CM-6.jpg,https://i0.wp.com/tobiakiode.com/wp-content/uploads/2026/08/08-tobiakiode-p02-lagoon-grid-pet-collar-nalo-owner-lakeside-park-walk-lifestyle.avif?format=jpg&ssl=1&filename=TA-PC-P02-50CM-7.jpg",TobiAkiode,"22.95 GBP",FC-446890,"Lagoon Grid","Pet Supplies > Dog Accessories > Dog Collars","Animals & Pet Supplies > Pet Supplies > Dog Supplies",,,Multicolour,"0.05 kg","GB:::3.49 GBP",dog-collars,sale-price-active,website-checkout,in-stock,fluentcart,TobiAkiode
TA-PC-P07-50CM,"African Print Adjustable Dog Collar by TobiAkiode - Festival Collage","African print adjustable dog collar with a plastic buckle closure, metal D-ring and 10 pattern choices. Designed for dogs only; measure before ordering.","in stock",new,"24.95 GBP",https://tobiakiode.com/shop/product/african-print-adjustable-dog-collar-by-tobiakiode/?selected=135,https://i0.wp.com/tobiakiode.com/wp-content/uploads/2026/09/01-tobiakiode-p07-festival-collage-pet-collar-pdp-main-hero-curved-full-view-studio-white-v3.avif?format=jpg&ssl=1&filename=TA-PC-P07-50CM.jpg,"https://i0.wp.com/tobiakiode.com/wp-content/uploads/2026/09/05-tobiakiode-p07-festival-collage-pet-collar-quick-release-buckle-close-up-studio-white-v3.avif?format=jpg&ssl=1&filename=TA-PC-P07-50CM-2.jpg,https://i0.wp.com/tobiakiode.com/wp-content/uploads/2026/09/02-tobiakiode-p07-festival-collage-pet-collar-featured-merchant-main-full-length-studio-white-v3.avif?format=jpg&ssl=1&filename=TA-PC-P07-50CM-3.jpg,https://i0.wp.com/tobiakiode.com/wp-content/uploads/2026/09/03-tobiakiode-p07-festival-collage-pet-collar-alternate-loop-full-view-studio-white-v3.avif?format=jpg&ssl=1&filename=TA-PC-P07-50CM-4.jpg,https://i0.wp.com/tobiakiode.com/wp-content/uploads/2026/09/04-tobiakiode-p07-festival-collage-pet-collar-print-pattern-close-up-studio-white-v3.avif?format=jpg&ssl=1&filename=TA-PC-P07-50CM-5.jpg,https://i0.wp.com/tobiakiode.com/wp-content/uploads/2026/08/07-tobiakiode-p07-festival-collage-pet-collar-viva-sunny-meadow-lifestyle.avif?format=jpg&ssl=1&filename=TA-PC-P07-50CM-6.jpg,https://i0.wp.com/tobiakiode.com/wp-content/uploads/2026/08/08-tobiakiode-p07-festival-collage-pet-collar-viva-owner-wildflower-meadow-picnic-lifestyle.avif?format=jpg&ssl=1&filename=TA-PC-P07-50CM-7.jpg",TobiAkiode,"22.95 GBP",FC-446890,"Festival Collage","Pet Supplies > Dog Accessories > Dog Collars","Animals & Pet Supplies > Pet Supplies > Dog Supplies",,,Multicolour,"0.05 kg","GB:::3.49 GBP",dog-collars,sale-price-active,website-checkout,in-stock,fluentcart,TobiAkiode
TA-PC-P10-50CM,"African Print Adjustable Dog Collar by TobiAkiode - Zebra Ember","African print adjustable dog collar with a plastic buckle closure, metal D-ring and 10 pattern choices. Designed for dogs only; measure before ordering.","in stock",new,"24.95 GBP",https://tobiakiode.com/shop/product/african-print-adjustable-dog-collar-by-tobiakiode/?selected=136,https://i0.wp.com/tobiakiode.com/wp-content/uploads/2026/09/01-tobiakiode-p10-zebra-ember-pet-collar-pdp-main-hero-curved-full-view-studio-white-v3.avif?format=jpg&ssl=1&filename=TA-PC-P10-50CM.jpg,"https://i0.wp.com/tobiakiode.com/wp-content/uploads/2026/09/05-tobiakiode-p10-zebra-ember-pet-collar-quick-release-buckle-close-up-studio-white-v3.avif?format=jpg&ssl=1&filename=TA-PC-P10-50CM-2.jpg,https://i0.wp.com/tobiakiode.com/wp-content/uploads/2026/09/02-tobiakiode-p10-zebra-ember-pet-collar-featured-merchant-main-full-length-studio-white-v3.avif?format=jpg&ssl=1&filename=TA-PC-P10-50CM-3.jpg,https://i0.wp.com/tobiakiode.com/wp-content/uploads/2026/09/03-tobiakiode-p10-zebra-ember-pet-collar-alternate-loop-full-view-studio-white-v3.avif?format=jpg&ssl=1&filename=TA-PC-P10-50CM-4.jpg,https://i0.wp.com/tobiakiode.com/wp-content/uploads/2026/09/04-tobiakiode-p10-zebra-ember-pet-collar-print-pattern-close-up-studio-white-v3.avif?format=jpg&ssl=1&filename=TA-PC-P10-50CM-5.jpg,https://i0.wp.com/tobiakiode.com/wp-content/uploads/2026/08/07-tobiakiode-p10-zebra-ember-pet-collar-zebo-countryside-trail-lifestyle.avif?format=jpg&ssl=1&filename=TA-PC-P10-50CM-6.jpg,https://i0.wp.com/tobiakiode.com/wp-content/uploads/2026/08/08-tobiakiode-p10-zebra-ember-pet-collar-zebo-owner-countryside-trail-lifestyle.avif?format=jpg&ssl=1&filename=TA-PC-P10-50CM-7.jpg",TobiAkiode,"22.95 GBP",FC-446890,"Zebra Ember","Pet Supplies > Dog Accessories > Dog Collars","Animals & Pet Supplies > Pet Supplies > Dog Supplies",,,Multicolour,"0.05 kg","GB:::3.49 GBP",dog-collars,sale-price-active,website-checkout,in-stock,fluentcart,TobiAkiode
TA-PC-P09-50CM,"African Print Adjustable Dog Collar by TobiAkiode - Ember Geometry","African print adjustable dog collar with a plastic buckle closure, metal D-ring and 10 pattern choices. Designed for dogs only; measure before ordering.","in stock",new,"24.95 GBP",https://tobiakiode.com/shop/product/african-print-adjustable-dog-collar-by-tobiakiode/?selected=137,https://i0.wp.com/tobiakiode.com/wp-content/uploads/2026/09/01-tobiakiode-p09-ember-geometry-pet-collar-pdp-main-hero-curved-full-view-studio-white-v3.avif?format=jpg&ssl=1&filename=TA-PC-P09-50CM.jpg,"https://i0.wp.com/tobiakiode.com/wp-content/uploads/2026/09/05-tobiakiode-p09-ember-geometry-pet-collar-quick-release-buckle-close-up-studio-white-v3.avif?format=jpg&ssl=1&filename=TA-PC-P09-50CM-2.jpg,https://i0.wp.com/tobiakiode.com/wp-content/uploads/2026/09/02-tobiakiode-p09-ember-geometry-pet-collar-featured-merchant-main-full-length-studio-white-v3.avif?format=jpg&ssl=1&filename=TA-PC-P09-50CM-3.jpg,https://i0.wp.com/tobiakiode.com/wp-content/uploads/2026/09/03-tobiakiode-p09-ember-geometry-pet-collar-alternate-loop-full-view-studio-white-v3.avif?format=jpg&ssl=1&filename=TA-PC-P09-50CM-4.jpg,https://i0.wp.com/tobiakiode.com/wp-content/uploads/2026/09/04-tobiakiode-p09-ember-geometry-pet-collar-print-pattern-close-up-studio-white-v3.avif?format=jpg&ssl=1&filename=TA-PC-P09-50CM-5.jpg,https://i0.wp.com/tobiakiode.com/wp-content/uploads/2026/08/07-tobiakiode-p09-ember-geometry-pet-collar-kairo-autumn-woodland-lifestyle.avif?format=jpg&ssl=1&filename=TA-PC-P09-50CM-6.jpg,https://i0.wp.com/tobiakiode.com/wp-content/uploads/2026/08/08-tobiakiode-p09-ember-geometry-pet-collar-kairo-owner-autumn-riverside-walk-lifestyle.avif?format=jpg&ssl=1&filename=TA-PC-P09-50CM-7.jpg",TobiAkiode,"22.95 GBP",FC-446890,"Ember Geometry","Pet Supplies > Dog Accessories > Dog Collars","Animals & Pet Supplies > Pet Supplies > Dog Supplies",,,Multicolour,"0.05 kg","GB:::3.49 GBP",dog-collars,sale-price-active,website-checkout,in-stock,fluentcart,TobiAkiode
TA-CF-GL-BK,"TobiAkiode Geometric Brass Cufflinks - Gold-tone / Black-corner logo","A matching pair of geometric cufflinks with blue-and-orange logo detail. 100% brass, gold, rose-gold, silver or gun-black finish, and black- or white-corner design. Presentation box included.","in stock",new,"49.00 GBP",https://tobiakiode.com/shop/product/geometric-cufflinks-tobiakiode/?selected=138,https://i0.wp.com/tobiakiode.com/wp-content/uploads/2026/09/tobiakiode-cufflinks-gold-tone-black-01-jewellery-studio-v3.avif?format=jpg&ssl=1&filename=TA-CF-GL-BK.jpg,"https://i0.wp.com/tobiakiode.com/wp-content/uploads/2026/09/tobiakiode-cufflinks-gold-tone-black-02-jewellery-studio-v3.avif?format=jpg&ssl=1&filename=TA-CF-GL-BK-2.jpg,https://i0.wp.com/tobiakiode.com/wp-content/uploads/2026/09/tobiakiode-cufflinks-gold-tone-black-03-white-v2.avif?format=jpg&ssl=1&filename=TA-CF-GL-BK-3.jpg,https://i0.wp.com/tobiakiode.com/wp-content/uploads/2026/09/tobiakiode-cufflinks-gold-tone-black-04-white-v2.avif?format=jpg&ssl=1&filename=TA-CF-GL-BK-4.jpg",TobiAkiode,,FC-447182,"Gold-tone / Black-corner logo","Apparel & Accessories > Clothing Accessories > Lanyards","Apparel & Accessories > Clothing Accessories",adult,unisex,Multicolour,"0.05 kg","GB:::3.49 GBP",lanyards,standard-price,website-checkout,in-stock,fluentcart,TobiAkiode
TA-CF-GL-WH,"TobiAkiode Geometric Brass Cufflinks - Gold-tone / White-corner logo","A matching pair of geometric cufflinks with blue-and-orange logo detail. 100% brass, gold, rose-gold, silver or gun-black finish, and black- or white-corner design. Presentation box included.","in stock",new,"49.00 GBP",https://tobiakiode.com/shop/product/geometric-cufflinks-tobiakiode/?selected=139,https://i0.wp.com/tobiakiode.com/wp-content/uploads/2026/09/tobiakiode-cufflinks-gold-tone-white-01-jewellery-studio-v3.avif?format=jpg&ssl=1&filename=TA-CF-GL-WH.jpg,"https://i0.wp.com/tobiakiode.com/wp-content/uploads/2026/09/tobiakiode-cufflinks-gold-tone-white-02-jewellery-studio-v3.avif?format=jpg&ssl=1&filename=TA-CF-GL-WH-2.jpg,https://i0.wp.com/tobiakiode.com/wp-content/uploads/2026/09/tobiakiode-cufflinks-gold-tone-white-03-white-v2.avif?format=jpg&ssl=1&filename=TA-CF-GL-WH-3.jpg,https://i0.wp.com/tobiakiode.com/wp-content/uploads/2026/09/tobiakiode-cufflinks-gold-tone-white-04-white-v2.avif?format=jpg&ssl=1&filename=TA-CF-GL-WH-4.jpg",TobiAkiode,,FC-447182,"Gold-tone / White-corner logo","Apparel & Accessories > Clothing Accessories > Lanyards","Apparel & Accessories > Clothing Accessories",adult,unisex,Multicolour,"0.05 kg","GB:::3.49 GBP",lanyards,standard-price,website-checkout,in-stock,fluentcart,TobiAkiode
TA-CF-RG-BK,"TobiAkiode Geometric Brass Cufflinks - Rose-gold-tone / Black-corner logo","A matching pair of geometric cufflinks with blue-and-orange logo detail. 100% brass, gold, rose-gold, silver or gun-black finish, and black- or white-corner design. Presentation box included.","in stock",new,"49.00 GBP",https://tobiakiode.com/shop/product/geometric-cufflinks-tobiakiode/?selected=140,https://i0.wp.com/tobiakiode.com/wp-content/uploads/2026/09/tobiakiode-cufflinks-rose-gold-tone-black-01-jewellery-studio-v3.avif?format=jpg&ssl=1&filename=TA-CF-RG-BK.jpg,"https://i0.wp.com/tobiakiode.com/wp-content/uploads/2026/09/tobiakiode-cufflinks-rose-gold-tone-black-02-jewellery-studio-v3.avif?format=jpg&ssl=1&filename=TA-CF-RG-BK-2.jpg,https://i0.wp.com/tobiakiode.com/wp-content/uploads/2026/09/tobiakiode-cufflinks-rose-gold-tone-black-03-white-v2.avif?format=jpg&ssl=1&filename=TA-CF-RG-BK-3.jpg,https://i0.wp.com/tobiakiode.com/wp-content/uploads/2026/09/tobiakiode-cufflinks-rose-gold-tone-black-04-white-v2.avif?format=jpg&ssl=1&filename=TA-CF-RG-BK-4.jpg",TobiAkiode,,FC-447182,"Rose-gold-tone / Black-corner logo","Apparel & Accessories > Clothing Accessories > Lanyards","Apparel & Accessories > Clothing Accessories",adult,unisex,Multicolour,"0.05 kg","GB:::3.49 GBP",lanyards,standard-price,website-checkout,in-stock,fluentcart,TobiAkiode
TA-CF-RG-WH,"TobiAkiode Geometric Brass Cufflinks - Rose-gold-tone / White-corner logo","A matching pair of geometric cufflinks with blue-and-orange logo detail. 100% brass, gold, rose-gold, silver or gun-black finish, and black- or white-corner design. Presentation box included.","in stock",new,"49.00 GBP",https://tobiakiode.com/shop/product/geometric-cufflinks-tobiakiode/?selected=141,https://i0.wp.com/tobiakiode.com/wp-content/uploads/2026/09/tobiakiode-cufflinks-rose-gold-tone-white-01-jewellery-studio-v3.avif?format=jpg&ssl=1&filename=TA-CF-RG-WH.jpg,"https://i0.wp.com/tobiakiode.com/wp-content/uploads/2026/09/tobiakiode-cufflinks-rose-gold-tone-white-02-jewellery-studio-v3.avif?format=jpg&ssl=1&filename=TA-CF-RG-WH-2.jpg,https://i0.wp.com/tobiakiode.com/wp-content/uploads/2026/09/tobiakiode-cufflinks-rose-gold-tone-white-03-white-v2.avif?format=jpg&ssl=1&filename=TA-CF-RG-WH-3.jpg,https://i0.wp.com/tobiakiode.com/wp-content/uploads/2026/09/tobiakiode-cufflinks-rose-gold-tone-white-04-white-v2.avif?format=jpg&ssl=1&filename=TA-CF-RG-WH-4.jpg",TobiAkiode,,FC-447182,"Rose-gold-tone / White-corner logo","Apparel & Accessories > Clothing Accessories > Lanyards","Apparel & Accessories > Clothing Accessories",adult,unisex,Multicolour,"0.05 kg","GB:::3.49 GBP",lanyards,standard-price,website-checkout,in-stock,fluentcart,TobiAkiode
TA-CF-SL-BK,"TobiAkiode Geometric Brass Cufflinks - Silver-tone / Black-corner logo","A matching pair of geometric cufflinks with blue-and-orange logo detail. 100% brass, gold, rose-gold, silver or gun-black finish, and black- or white-corner design. Presentation box included.","in stock",new,"49.00 GBP",https://tobiakiode.com/shop/product/geometric-cufflinks-tobiakiode/?selected=150,https://i0.wp.com/tobiakiode.com/wp-content/uploads/2026/09/cf-silver-black-box-front-v5.avif?format=jpg&ssl=1&filename=TA-CF-SL-BK.jpg,https://i0.wp.com/tobiakiode.com/wp-content/uploads/2026/09/cf-silver-black-box-angled-v5.avif?format=jpg&ssl=1&filename=TA-CF-SL-BK-2.jpg,TobiAkiode,,FC-447182,"Silver-tone / Black-corner logo","Apparel & Accessories > Clothing Accessories > Lanyards","Apparel & Accessories > Clothing Accessories",adult,unisex,Multicolour,"0.05 kg","GB:::3.49 GBP",lanyards,standard-price,website-checkout,in-stock,fluentcart,TobiAkiode
TA-CF-SL-WH,"TobiAkiode Geometric Brass Cufflinks - Silver-tone / White-corner logo","A matching pair of geometric cufflinks with blue-and-orange logo detail. 100% brass, gold, rose-gold, silver or gun-black finish, and black- or white-corner design. Presentation box included.","in stock",new,"49.00 GBP",https://tobiakiode.com/shop/product/geometric-cufflinks-tobiakiode/?selected=153,https://i0.wp.com/tobiakiode.com/wp-content/uploads/2026/09/cf-silver-white-box-front-v5.avif?format=jpg&ssl=1&filename=TA-CF-SL-WH.jpg,https://i0.wp.com/tobiakiode.com/wp-content/uploads/2026/09/cf-silver-white-box-angled-v5.avif?format=jpg&ssl=1&filename=TA-CF-SL-WH-2.jpg,TobiAkiode,,FC-447182,"Silver-tone / White-corner logo","Apparel & Accessories > Clothing Accessories > Lanyards","Apparel & Accessories > Clothing Accessories",adult,unisex,Multicolour,"0.05 kg","GB:::3.49 GBP",lanyards,standard-price,website-checkout,in-stock,fluentcart,TobiAkiode
TA-CF-GB-BK,"TobiAkiode Geometric Brass Cufflinks - Gun-black / Black-corner logo","A matching pair of geometric cufflinks with blue-and-orange logo detail. 100% brass, gold, rose-gold, silver or gun-black finish, and black- or white-corner design. Presentation box included.","in stock",new,"49.00 GBP",https://tobiakiode.com/shop/product/geometric-cufflinks-tobiakiode/?selected=154,https://i0.wp.com/tobiakiode.com/wp-content/uploads/2026/09/cf-gun-black-black-box-front-v5.avif?format=jpg&ssl=1&filename=TA-CF-GB-BK.jpg,https://i0.wp.com/tobiakiode.com/wp-content/uploads/2026/09/cf-gun-black-black-box-angled-v5.avif?format=jpg&ssl=1&filename=TA-CF-GB-BK-2.jpg,TobiAkiode,,FC-447182,"Gun-black / Black-corner logo","Apparel & Accessories > Clothing Accessories > Lanyards","Apparel & Accessories > Clothing Accessories",adult,unisex,Multicolour,"0.05 kg","GB:::3.49 GBP",lanyards,standard-price,website-checkout,in-stock,fluentcart,TobiAkiode
TA-CF-GB-WH,"TobiAkiode Geometric Brass Cufflinks - Gun-black / White-corner logo","A matching pair of geometric cufflinks with blue-and-orange logo detail. 100% brass, gold, rose-gold, silver or gun-black finish, and black- or white-corner design. Presentation box included.","in stock",new,"49.00 GBP",https://tobiakiode.com/shop/product/geometric-cufflinks-tobiakiode/?selected=155,https://i0.wp.com/tobiakiode.com/wp-content/uploads/2026/09/cf-gun-black-white-box-front-v5.avif?format=jpg&ssl=1&filename=TA-CF-GB-WH.jpg,https://i0.wp.com/tobiakiode.com/wp-content/uploads/2026/09/cf-gun-black-white-box-angled-v5.avif?format=jpg&ssl=1&filename=TA-CF-GB-WH-2.jpg,TobiAkiode,,FC-447182,"Gun-black / White-corner logo","Apparel & Accessories > Clothing Accessories > Lanyards","Apparel & Accessories > Clothing Accessories",adult,unisex,Multicolour,"0.05 kg","GB:::3.49 GBP",lanyards,standard-price,website-checkout,in-stock,fluentcart,TobiAkiode
TA-LP-GL-BK,"TobiAkiode Geometric Brass Lapel Pin - Gold-tone / Black-corner logo","A long-stem geometric lapel pin for a suit jacket or blazer. 100% brass, gold, rose-gold, silver or gun-black finish, and black- or white-corner logo. Presentation box included.","in stock",new,"17.00 GBP",https://tobiakiode.com/shop/product/geometric-lapel-pin-tobiakiode/?selected=142,https://i0.wp.com/tobiakiode.com/wp-content/uploads/2026/09/tobiakiode-lapel-pin-gold-tone-black-01-white-v2.avif?format=jpg&ssl=1&filename=TA-LP-GL-BK.jpg,"https://i0.wp.com/tobiakiode.com/wp-content/uploads/2026/09/tobiakiode-lapel-pin-gold-tone-black-02-white-v2.avif?format=jpg&ssl=1&filename=TA-LP-GL-BK-2.jpg,https://i0.wp.com/tobiakiode.com/wp-content/uploads/2026/09/tobiakiode-lapel-pin-gold-tone-black-03-white-v2.avif?format=jpg&ssl=1&filename=TA-LP-GL-BK-3.jpg,https://i0.wp.com/tobiakiode.com/wp-content/uploads/2026/09/tobiakiode-lapel-pin-gold-tone-black-04-white-v2.avif?format=jpg&ssl=1&filename=TA-LP-GL-BK-4.jpg",TobiAkiode,,FC-447183,"Gold-tone / Black-corner logo","Apparel & Accessories > Clothing Accessories > Lanyards","Apparel & Accessories > Clothing Accessories",adult,unisex,Multicolour,"0.05 kg","GB:::3.49 GBP",lanyards,standard-price,website-checkout,in-stock,fluentcart,TobiAkiode
TA-LP-GL-WH,"TobiAkiode Geometric Brass Lapel Pin - Gold-tone / White-corner logo","A long-stem geometric lapel pin for a suit jacket or blazer. 100% brass, gold, rose-gold, silver or gun-black finish, and black- or white-corner logo. Presentation box included.","in stock",new,"17.00 GBP",https://tobiakiode.com/shop/product/geometric-lapel-pin-tobiakiode/?selected=143,https://i0.wp.com/tobiakiode.com/wp-content/uploads/2026/09/tobiakiode-lapel-pin-gold-tone-white-01-white-v2.avif?format=jpg&ssl=1&filename=TA-LP-GL-WH.jpg,"https://i0.wp.com/tobiakiode.com/wp-content/uploads/2026/09/tobiakiode-lapel-pin-gold-tone-white-02-white-v2.avif?format=jpg&ssl=1&filename=TA-LP-GL-WH-2.jpg,https://i0.wp.com/tobiakiode.com/wp-content/uploads/2026/09/tobiakiode-lapel-pin-gold-tone-white-03-white-v2.avif?format=jpg&ssl=1&filename=TA-LP-GL-WH-3.jpg,https://i0.wp.com/tobiakiode.com/wp-content/uploads/2026/09/tobiakiode-lapel-pin-gold-tone-white-04-white-v2.avif?format=jpg&ssl=1&filename=TA-LP-GL-WH-4.jpg",TobiAkiode,,FC-447183,"Gold-tone / White-corner logo","Apparel & Accessories > Clothing Accessories > Lanyards","Apparel & Accessories > Clothing Accessories",adult,unisex,Multicolour,"0.05 kg","GB:::3.49 GBP",lanyards,standard-price,website-checkout,in-stock,fluentcart,TobiAkiode
TA-LP-RG-BK,"TobiAkiode Geometric Brass Lapel Pin - Rose-gold-tone / Black-corner logo","A long-stem geometric lapel pin for a suit jacket or blazer. 100% brass, gold, rose-gold, silver or gun-black finish, and black- or white-corner logo. Presentation box included.","in stock",new,"17.00 GBP",https://tobiakiode.com/shop/product/geometric-lapel-pin-tobiakiode/?selected=144,https://i0.wp.com/tobiakiode.com/wp-content/uploads/2026/09/tobiakiode-lapel-pin-rose-gold-tone-black-01-white-v2.avif?format=jpg&ssl=1&filename=TA-LP-RG-BK.jpg,"https://i0.wp.com/tobiakiode.com/wp-content/uploads/2026/09/tobiakiode-lapel-pin-rose-gold-tone-black-02-white-v2.avif?format=jpg&ssl=1&filename=TA-LP-RG-BK-2.jpg,https://i0.wp.com/tobiakiode.com/wp-content/uploads/2026/09/tobiakiode-lapel-pin-rose-gold-tone-black-03-white-v2.avif?format=jpg&ssl=1&filename=TA-LP-RG-BK-3.jpg,https://i0.wp.com/tobiakiode.com/wp-content/uploads/2026/09/tobiakiode-lapel-pin-rose-gold-tone-black-04-white-v2.avif?format=jpg&ssl=1&filename=TA-LP-RG-BK-4.jpg",TobiAkiode,,FC-447183,"Rose-gold-tone / Black-corner logo","Apparel & Accessories > Clothing Accessories > Lanyards","Apparel & Accessories > Clothing Accessories",adult,unisex,Multicolour,"0.05 kg","GB:::3.49 GBP",lanyards,standard-price,website-checkout,in-stock,fluentcart,TobiAkiode
TA-LP-RG-WH,"TobiAkiode Geometric Brass Lapel Pin - Rose-gold-tone / White-corner logo","A long-stem geometric lapel pin for a suit jacket or blazer. 100% brass, gold, rose-gold, silver or gun-black finish, and black- or white-corner logo. Presentation box included.","in stock",new,"17.00 GBP",https://tobiakiode.com/shop/product/geometric-lapel-pin-tobiakiode/?selected=145,https://i0.wp.com/tobiakiode.com/wp-content/uploads/2026/09/tobiakiode-lapel-pin-rose-gold-tone-white-01-white-v2.avif?format=jpg&ssl=1&filename=TA-LP-RG-WH.jpg,"https://i0.wp.com/tobiakiode.com/wp-content/uploads/2026/09/tobiakiode-lapel-pin-rose-gold-tone-white-02-white-v2.avif?format=jpg&ssl=1&filename=TA-LP-RG-WH-2.jpg,https://i0.wp.com/tobiakiode.com/wp-content/uploads/2026/09/tobiakiode-lapel-pin-rose-gold-tone-white-03-white-v2.avif?format=jpg&ssl=1&filename=TA-LP-RG-WH-3.jpg,https://i0.wp.com/tobiakiode.com/wp-content/uploads/2026/09/tobiakiode-lapel-pin-rose-gold-tone-white-04-white-v2.avif?format=jpg&ssl=1&filename=TA-LP-RG-WH-4.jpg",TobiAkiode,,FC-447183,"Rose-gold-tone / White-corner logo","Apparel & Accessories > Clothing Accessories > Lanyards","Apparel & Accessories > Clothing Accessories",adult,unisex,Multicolour,"0.05 kg","GB:::3.49 GBP",lanyards,standard-price,website-checkout,in-stock,fluentcart,TobiAkiode
TA-LP-SL-BK,"TobiAkiode Geometric Brass Lapel Pin - Silver-tone / Black-corner logo","A long-stem geometric lapel pin for a suit jacket or blazer. 100% brass, gold, rose-gold, silver or gun-black finish, and black- or white-corner logo. Presentation box included.","in stock",new,"17.00 GBP",https://tobiakiode.com/shop/product/geometric-lapel-pin-tobiakiode/?selected=151,https://i0.wp.com/tobiakiode.com/wp-content/uploads/2026/09/lp-silver-black-front-v5.avif?format=jpg&ssl=1&filename=TA-LP-SL-BK.jpg,"https://i0.wp.com/tobiakiode.com/wp-content/uploads/2026/09/lp-silver-black-box-front-v5.avif?format=jpg&ssl=1&filename=TA-LP-SL-BK-2.jpg,https://i0.wp.com/tobiakiode.com/wp-content/uploads/2026/09/lp-silver-black-box-angled-v5.avif?format=jpg&ssl=1&filename=TA-LP-SL-BK-3.jpg",TobiAkiode,,FC-447183,"Silver-tone / Black-corner logo","Apparel & Accessories > Clothing Accessories > Lanyards","Apparel & Accessories > Clothing Accessories",adult,unisex,Multicolour,"0.05 kg","GB:::3.49 GBP",lanyards,standard-price,website-checkout,in-stock,fluentcart,TobiAkiode
TA-LP-SL-WH,"TobiAkiode Geometric Brass Lapel Pin - Silver-tone / White-corner logo","A long-stem geometric lapel pin for a suit jacket or blazer. 100% brass, gold, rose-gold, silver or gun-black finish, and black- or white-corner logo. Presentation box included.","in stock",new,"17.00 GBP",https://tobiakiode.com/shop/product/geometric-lapel-pin-tobiakiode/?selected=156,https://i0.wp.com/tobiakiode.com/wp-content/uploads/2026/09/lp-silver-white-front-v5.avif?format=jpg&ssl=1&filename=TA-LP-SL-WH.jpg,"https://i0.wp.com/tobiakiode.com/wp-content/uploads/2026/09/lp-silver-white-box-front-v5.avif?format=jpg&ssl=1&filename=TA-LP-SL-WH-2.jpg,https://i0.wp.com/tobiakiode.com/wp-content/uploads/2026/09/lp-silver-white-box-angled-v5.avif?format=jpg&ssl=1&filename=TA-LP-SL-WH-3.jpg",TobiAkiode,,FC-447183,"Silver-tone / White-corner logo","Apparel & Accessories > Clothing Accessories > Lanyards","Apparel & Accessories > Clothing Accessories",adult,unisex,Multicolour,"0.05 kg","GB:::3.49 GBP",lanyards,standard-price,website-checkout,in-stock,fluentcart,TobiAkiode
TA-LP-GB-BK,"TobiAkiode Geometric Brass Lapel Pin - Gun-black / Black-corner logo","A long-stem geometric lapel pin for a suit jacket or blazer. 100% brass, gold, rose-gold, silver or gun-black finish, and black- or white-corner logo. Presentation box included.","in stock",new,"17.00 GBP",https://tobiakiode.com/shop/product/geometric-lapel-pin-tobiakiode/?selected=157,https://i0.wp.com/tobiakiode.com/wp-content/uploads/2026/09/lp-gun-black-black-front-v5.avif?format=jpg&ssl=1&filename=TA-LP-GB-BK.jpg,"https://i0.wp.com/tobiakiode.com/wp-content/uploads/2026/09/lp-gun-black-black-box-front-v5.avif?format=jpg&ssl=1&filename=TA-LP-GB-BK-2.jpg,https://i0.wp.com/tobiakiode.com/wp-content/uploads/2026/09/lp-gun-black-black-box-angled-v5.avif?format=jpg&ssl=1&filename=TA-LP-GB-BK-3.jpg",TobiAkiode,,FC-447183,"Gun-black / Black-corner logo","Apparel & Accessories > Clothing Accessories > Lanyards","Apparel & Accessories > Clothing Accessories",adult,unisex,Multicolour,"0.05 kg","GB:::3.49 GBP",lanyards,standard-price,website-checkout,in-stock,fluentcart,TobiAkiode
TA-LP-GB-WH,"TobiAkiode Geometric Brass Lapel Pin - Gun-black / White-corner logo","A long-stem geometric lapel pin for a suit jacket or blazer. 100% brass, gold, rose-gold, silver or gun-black finish, and black- or white-corner logo. Presentation box included.","in stock",new,"17.00 GBP",https://tobiakiode.com/shop/product/geometric-lapel-pin-tobiakiode/?selected=158,https://i0.wp.com/tobiakiode.com/wp-content/uploads/2026/09/lp-gun-black-white-front-v5.avif?format=jpg&ssl=1&filename=TA-LP-GB-WH.jpg,"https://i0.wp.com/tobiakiode.com/wp-content/uploads/2026/09/lp-gun-black-white-box-front-v5.avif?format=jpg&ssl=1&filename=TA-LP-GB-WH-2.jpg,https://i0.wp.com/tobiakiode.com/wp-content/uploads/2026/09/lp-gun-black-white-box-angled-v5.avif?format=jpg&ssl=1&filename=TA-LP-GB-WH-3.jpg",TobiAkiode,,FC-447183,"Gun-black / White-corner logo","Apparel & Accessories > Clothing Accessories > Lanyards","Apparel & Accessories > Clothing Accessories",adult,unisex,Multicolour,"0.05 kg","GB:::3.49 GBP",lanyards,standard-price,website-checkout,in-stock,fluentcart,TobiAkiode
TA-TC-GL-BK,"TobiAkiode Geometric Hinged Brass Tie Clip - Gold-tone / Black-corner logo","A hinged tie clip with blue-and-orange geometric logo detail. 100% brass, gold, rose-gold, silver or gun-black finish, and black- or white-corner design. Presentation box included.","in stock",new,"22.00 GBP",https://tobiakiode.com/shop/product/geometric-tie-clip-tobiakiode/?selected=146,https://i0.wp.com/tobiakiode.com/wp-content/uploads/2026/09/tobiakiode-tie-clip-gold-tone-black-01-white-v2.avif?format=jpg&ssl=1&filename=TA-TC-GL-BK.jpg,https://i0.wp.com/tobiakiode.com/wp-content/uploads/2026/09/tobiakiode-tie-clip-gold-tone-black-02-white-v2.avif?format=jpg&ssl=1&filename=TA-TC-GL-BK-2.jpg,TobiAkiode,,FC-447184,"Gold-tone / Black-corner logo","Apparel & Accessories > Clothing Accessories > Lanyards","Apparel & Accessories > Clothing Accessories",adult,unisex,Multicolour,"0.05 kg","GB:::3.49 GBP",lanyards,standard-price,website-checkout,in-stock,fluentcart,TobiAkiode
TA-TC-GL-WH,"TobiAkiode Geometric Hinged Brass Tie Clip - Gold-tone / White-corner logo","A hinged tie clip with blue-and-orange geometric logo detail. 100% brass, gold, rose-gold, silver or gun-black finish, and black- or white-corner design. Presentation box included.","in stock",new,"22.00 GBP",https://tobiakiode.com/shop/product/geometric-tie-clip-tobiakiode/?selected=147,https://i0.wp.com/tobiakiode.com/wp-content/uploads/2026/09/tobiakiode-tie-clip-gold-tone-white-01-white-v2.avif?format=jpg&ssl=1&filename=TA-TC-GL-WH.jpg,https://i0.wp.com/tobiakiode.com/wp-content/uploads/2026/09/tobiakiode-tie-clip-gold-tone-white-02-white-v2.avif?format=jpg&ssl=1&filename=TA-TC-GL-WH-2.jpg,TobiAkiode,,FC-447184,"Gold-tone / White-corner logo","Apparel & Accessories > Clothing Accessories > Lanyards","Apparel & Accessories > Clothing Accessories",adult,unisex,Multicolour,"0.05 kg","GB:::3.49 GBP",lanyards,standard-price,website-checkout,in-stock,fluentcart,TobiAkiode
TA-TC-RG-BK,"TobiAkiode Geometric Hinged Brass Tie Clip - Rose-gold-tone / Black-corner logo","A hinged tie clip with blue-and-orange geometric logo detail. 100% brass, gold, rose-gold, silver or gun-black finish, and black- or white-corner design. Presentation box included.","in stock",new,"22.00 GBP",https://tobiakiode.com/shop/product/geometric-tie-clip-tobiakiode/?selected=148,https://i0.wp.com/tobiakiode.com/wp-content/uploads/2026/09/tobiakiode-tie-clip-rose-gold-tone-black-01-white-v2.avif?format=jpg&ssl=1&filename=TA-TC-RG-BK.jpg,https://i0.wp.com/tobiakiode.com/wp-content/uploads/2026/09/tobiakiode-tie-clip-rose-gold-tone-black-02-white-v2.avif?format=jpg&ssl=1&filename=TA-TC-RG-BK-2.jpg,TobiAkiode,,FC-447184,"Rose-gold-tone / Black-corner logo","Apparel & Accessories > Clothing Accessories > Lanyards","Apparel & Accessories > Clothing Accessories",adult,unisex,Multicolour,"0.05 kg","GB:::3.49 GBP",lanyards,standard-price,website-checkout,in-stock,fluentcart,TobiAkiode
TA-TC-RG-WH,"TobiAkiode Geometric Hinged Brass Tie Clip - Rose-gold-tone / White-corner logo","A hinged tie clip with blue-and-orange geometric logo detail. 100% brass, gold, rose-gold, silver or gun-black finish, and black- or white-corner design. Presentation box included.","in stock",new,"22.00 GBP",https://tobiakiode.com/shop/product/geometric-tie-clip-tobiakiode/?selected=149,https://i0.wp.com/tobiakiode.com/wp-content/uploads/2026/09/tobiakiode-tie-clip-rose-gold-tone-white-01-white-v2.avif?format=jpg&ssl=1&filename=TA-TC-RG-WH.jpg,https://i0.wp.com/tobiakiode.com/wp-content/uploads/2026/09/tobiakiode-tie-clip-rose-gold-tone-white-02-white-v2.avif?format=jpg&ssl=1&filename=TA-TC-RG-WH-2.jpg,TobiAkiode,,FC-447184,"Rose-gold-tone / White-corner logo","Apparel & Accessories > Clothing Accessories > Lanyards","Apparel & Accessories > Clothing Accessories",adult,unisex,Multicolour,"0.05 kg","GB:::3.49 GBP",lanyards,standard-price,website-checkout,in-stock,fluentcart,TobiAkiode
TA-TC-SL-BK,"TobiAkiode Geometric Hinged Brass Tie Clip - Silver-tone / Black-corner logo","A hinged tie clip with blue-and-orange geometric logo detail. 100% brass, gold, rose-gold, silver or gun-black finish, and black- or white-corner design. Presentation box included.","in stock",new,"22.00 GBP",https://tobiakiode.com/shop/product/geometric-tie-clip-tobiakiode/?selected=152,https://i0.wp.com/tobiakiode.com/wp-content/uploads/2026/09/447242-silver-gun-regenerated-v4.avif?format=jpg&ssl=1&filename=TA-TC-SL-BK.jpg,https://i0.wp.com/tobiakiode.com/wp-content/uploads/2026/09/447253-silver-gun-regenerated-v4.avif?format=jpg&ssl=1&filename=TA-TC-SL-BK-2.jpg,TobiAkiode,,FC-447184,"Silver-tone / Black-corner logo","Apparel & Accessories > Clothing Accessories > Lanyards","Apparel & Accessories > Clothing Accessories",adult,unisex,Multicolour,"0.05 kg","GB:::3.49 GBP",lanyards,standard-price,website-checkout,in-stock,fluentcart,TobiAkiode
TA-TC-SL-WH,"TobiAkiode Geometric Hinged Brass Tie Clip - Silver-tone / White-corner logo","A hinged tie clip with blue-and-orange geometric logo detail. 100% brass, gold, rose-gold, silver or gun-black finish, and black- or white-corner design. Presentation box included.","in stock",new,"22.00 GBP",https://tobiakiode.com/shop/product/geometric-tie-clip-tobiakiode/?selected=159,https://i0.wp.com/tobiakiode.com/wp-content/uploads/2026/09/447244-silver-gun-regenerated-v4.avif?format=jpg&ssl=1&filename=TA-TC-SL-WH.jpg,,TobiAkiode,,FC-447184,"Silver-tone / White-corner logo","Apparel & Accessories > Clothing Accessories > Lanyards","Apparel & Accessories > Clothing Accessories",adult,unisex,Multicolour,"0.05 kg","GB:::3.49 GBP",lanyards,standard-price,website-checkout,in-stock,fluentcart,TobiAkiode
TA-TC-GB-BK,"TobiAkiode Geometric Hinged Brass Tie Clip - Gun-black / Black-corner logo","A hinged tie clip with blue-and-orange geometric logo detail. 100% brass, gold, rose-gold, silver or gun-black finish, and black- or white-corner design. Presentation box included.","in stock",new,"22.00 GBP",https://tobiakiode.com/shop/product/geometric-tie-clip-tobiakiode/?selected=160,https://i0.wp.com/tobiakiode.com/wp-content/uploads/2026/09/447243-silver-gun-regenerated-v4.avif?format=jpg&ssl=1&filename=TA-TC-GB-BK.jpg,https://i0.wp.com/tobiakiode.com/wp-content/uploads/2026/09/447254-silver-gun-regenerated-v4.avif?format=jpg&ssl=1&filename=TA-TC-GB-BK-2.jpg,TobiAkiode,,FC-447184,"Gun-black / Black-corner logo","Apparel & Accessories > Clothing Accessories > Lanyards","Apparel & Accessories > Clothing Accessories",adult,unisex,Multicolour,"0.05 kg","GB:::3.49 GBP",lanyards,standard-price,website-checkout,in-stock,fluentcart,TobiAkiode
TA-TC-GB-WH,"TobiAkiode Geometric Hinged Brass Tie Clip - Gun-black / White-corner logo","A hinged tie clip with blue-and-orange geometric logo detail. 100% brass, gold, rose-gold, silver or gun-black finish, and black- or white-corner design. Presentation box included.","in stock",new,"22.00 GBP",https://tobiakiode.com/shop/product/geometric-tie-clip-tobiakiode/?selected=161,https://i0.wp.com/tobiakiode.com/wp-content/uploads/2026/09/447245-silver-gun-regenerated-v4.avif?format=jpg&ssl=1&filename=TA-TC-GB-WH.jpg,,TobiAkiode,,FC-447184,"Gun-black / White-corner logo","Apparel & Accessories > Clothing Accessories > Lanyards","Apparel & Accessories > Clothing Accessories",adult,unisex,Multicolour,"0.05 kg","GB:::3.49 GBP",lanyards,standard-price,website-checkout,in-stock,fluentcart,TobiAkiode
